{"project_name": "Opener", "num_colonne": 3, "cols": [{"w": 120, "h": 60, "d": 45, "r": 3, "man": true, "mh": [0.0, 30.0, 56.0]}, {"w": 90, "h": 120, "d": 30, "r": 4, "man": true, "mh": [0.0, 30.0, 60.0, 116.0]}, {"w": 60, "h": 200, "d": 30, "r": 4, "man": false, "mh": [0.0, 65.33333333333333, 130.66666666666666, 196.0]}]}